drug_id,n,true_auc_std,rmse_knn,rmse_bias
1248,59,0.2238654444838325,0.19736160413809786,0.21155530124819452
1819,77,0.2829167922656141,0.18861439344438877,0.2691848739628821
1617,88,0.19295157623847792,0.17805472920860696,0.18496509206704376
1941,98,0.17475360703408296,0.16678681498517514,0.17051276793902204
1008,93,0.19457013818822166,0.15915637553715153,0.193161073581311
1190,99,0.2354281661666283,0.1481809974498071,0.21834979824215292
1804,82,0.17995089659366786,0.1457571984864008,0.18857030777955103
1016,86,0.17161499115109344,0.13954534850227968,0.15390587579581444
1034,92,0.17744595780535138,0.12939308377112094,0.15590916793521867
1079,98,0.16350788031612815,0.12699562901856276,0.1546996008573006
1529,94,0.18296353061510998,0.12445638640172836,0.162346256204934
1051,84,0.18725885524015254,0.12255089139376903,0.1661537948715592
1910,105,0.21366058962836518,0.12053873301705499,0.20615591792727078
1997,110,0.13783782200710146,0.1201180631843531,0.13470353113460812
1810,72,0.2065517220843169,0.1180737711731263,0.1813517931267134
2171,97,0.15739530819032205,0.11694712066576848,0.14375219467880193
1706,64,0.15173457967087078,0.1166012007207851,0.14216900629205065
1031,22,0.15858126757773996,0.11590759964649426,0.13193183337414807
1259,103,0.16704330528205313,0.11528372050466712,0.15708230472759077
1720,69,0.17535927357755046,0.11451076883401477,0.16253272877648764
1709,63,0.18766482030737397,0.11442540535803693,0.16185267094965863
1738,72,0.1829102803639256,0.11208781957956275,0.1547770317453221
1378,79,0.15900522173179296,0.11039983057766456,0.14512462330237352
1843,77,0.21053892115013856,0.10931554468306774,0.18612224487380433
1911,104,0.17747041738643105,0.1079020973868667,0.15486700428468184
1086,98,0.21321760652843963,0.10760024781478188,0.18791901817946455
1559,96,0.14370262291643365,0.10539668349584036,0.12686613327261065
1494,96,0.28445501158466363,0.10506387106892125,0.27279425819956066
1026,72,0.09848224535150178,0.10462377386121312,0.09110185564779308
1733,77,0.14971835752910045,0.10443878554622472,0.1316579970111757
1847,60,0.16053265495307684,0.10425914836585795,0.14422085034499785
2172,105,0.15691363488115925,0.10324818415594622,0.1343899983696853
1006,74,0.168644473465881,0.10255370883771323,0.14750225016276053
1428,75,0.12229842419023401,0.10251040411306639,0.12391312611059861
1022,99,0.17715323089791438,0.09957169455122515,0.15998208324868288
1813,79,0.12761337000445858,0.09862890625151156,0.11558378271868956
1845,59,0.16591417150814214,0.09729024208340939,0.15083878254287117
1849,93,0.14632769262560483,0.09536716398398888,0.12949142393057234
1561,95,0.14064567642149953,0.09472457460674696,0.12340674431043791
1180,88,0.14387351599695117,0.09406637219105485,0.12272197000710335
2148,67,0.11559605682810593,0.09315304950525498,0.1059867017987923
1803,73,0.12462484217592891,0.09176433462519529,0.1353433536399122
1441,66,0.1242496935134434,0.08975921137228346,0.10941236048603949
1626,95,0.1266176107101971,0.08938636718417352,0.11189529470521381
2048,101,0.15309150624233772,0.08933489849405069,0.1317557696829426
1734,68,0.10568469631154949,0.08891375719660284,0.09981458723638821
1059,70,0.11451936626133466,0.08746376566074453,0.09877539768984735
1712,66,0.12021485776584165,0.08528323959979126,0.10373706563678073
1593,85,0.12003555296840521,0.08394258276266042,0.10285887205912234
1862,83,0.09639432077581354,0.0837832259828438,0.08640389443271068
1926,98,0.13745849722298123,0.08372757834272856,0.11419467596825468
1511,89,0.1983951216987835,0.08368743148895944,0.1749350590272449
1930,93,0.11490257434385757,0.08358922788199216,0.10463583918893563
2106,82,0.11834427864031395,0.08272919601802997,0.10702033464323774
1014,105,0.1781885847263055,0.08202198232390644,0.16617045414339293
1827,80,0.09627739670377228,0.0819924003277592,0.1098971591154948
1011,94,0.11843760079215733,0.08197634448731075,0.11850238471764082
2055,63,0.12603775881200766,0.08132762338493929,0.10601532807098646
1829,72,0.0896319603256476,0.08087628797527609,0.08730727615509157
2169,29,0.1070643311625802,0.08084435986790173,0.1008660607742565
1739,82,0.10033251755060948,0.08076674933173997,0.09108444618187564
1024,99,0.11219007937013828,0.0806608736894415,0.09483709459138157
1553,100,0.11018316726269392,0.08035860445167783,0.10471390604984512
1557,88,0.0941486221267002,0.08013345784089179,0.09841279581747843
1808,66,0.17418792178748335,0.08009888838744313,0.1586231431356677
2040,85,0.1144478978811763,0.0796722494159257,0.09736021146329234
1194,30,0.10354063550745914,0.07925179018287926,0.10881650106059057
1250,91,0.11853548156403561,0.07898100028489542,0.10418203040910708
1096,25,0.15744242554705515,0.07843688590331288,0.13954484182331722
1192,24,0.09562367554137242,0.07786811632140181,0.08719215604364411
1091,116,0.10506841335760468,0.07769315286299106,0.09445856319897653
1050,100,0.10740937202171368,0.07653145433272004,0.08952083262198018
1372,90,0.1788826231741513,0.07614091535963705,0.1762096824970692
2096,108,0.11939917056027108,0.07592530581498783,0.10768438932122626
1179,98,0.1287610725887925,0.07519892111678353,0.10503158187344042
1004,75,0.16974042853301588,0.07483086119452724,0.1457509463302311
1149,37,0.07512222179119402,0.07455249210781827,0.07341334389812545
1820,75,0.08199634356454531,0.07449505393409239,0.08200089666084055
1068,71,0.10454373492201371,0.07439420380796566,0.08569885622816849
1084,96,0.10248205040571941,0.07418602869150961,0.08838687537012824
1855,68,0.08550068882512264,0.07348892648960913,0.074591017361863
1809,69,0.17018945723823053,0.07283714961332718,0.14696352782086514
2156,81,0.08670316125098436,0.07274572821534801,0.07128762029459253
1047,87,0.08975974178221519,0.07247828280907988,0.07676180249714679
1936,108,0.0856667164306007,0.0721090583982839,0.09319168397066588
2046,92,0.07870491362245792,0.07184495986645885,0.07622702550510663
1912,97,0.11257031640756372,0.071800932916188,0.10164189019854838
2145,60,0.1344637707769576,0.07146338896368976,0.11283761452910553
1730,75,0.07742779713122332,0.07033377983653469,0.06411148320612278
1062,80,0.14023386792122633,0.07022552963131011,0.13604295634865274
1909,92,0.0781569023711507,0.06770751082644719,0.08021963591605215
1239,85,0.1256242323941396,0.06746373109383698,0.10373149324327925
1708,65,0.15060488669754793,0.06690620823185087,0.12555778223298264
1713,82,0.13048382029257377,0.06639287749202605,0.1177278687059106
1060,111,0.15907320398845465,0.0659528047992738,0.15356105046533972
1058,106,0.10238227963906164,0.06586586433978514,0.0932917207160015
1053,95,0.10827018281031979,0.06562504878213525,0.09532417282347683
1917,91,0.11341551914861754,0.06557070743755036,0.0891449048597644
1932,97,0.0831495344968287,0.0655463523584349,0.07488376169610594
1817,69,0.07173464145296427,0.06509381780852716,0.06978991477640664
1073,88,0.07692163458797104,0.06491113294181017,0.06678085292939821
1594,99,0.0694266970479575,0.06445217002503628,0.07017400397944794
1057,116,0.09137520930935404,0.06429934390035612,0.07713476775652328
1088,78,0.10499753755491319,0.06398326157801645,0.09075934372631192
1834,71,0.06345025270420729,0.0637000633444194,0.06953958385730008
1131,83,0.08254193417614608,0.06337139209608841,0.07094305540842814
1922,106,0.08005299662432024,0.06332425870834792,0.07362948983717824
1401,73,0.09047065290543582,0.06267299755544202,0.07679114004886223
1046,97,0.09330625344128411,0.062177415426579466,0.07520368481879215
1019,109,0.08306383512242149,0.062167868156601136,0.07489206921748091
2170,104,0.06924533514227793,0.061635209471666424,0.0633920243544666
1558,96,0.10643300739374963,0.061392178487452986,0.10386079532174347
1564,96,0.14766737800424654,0.06069199960557626,0.13828389709458125
1054,116,0.07756705631483993,0.060687043806596216,0.06403048791393057
1373,91,0.10487938503531609,0.060433197267094986,0.10432742504354343
1012,92,0.09422318887659772,0.059671695682284275,0.07449108031143302
1732,77,0.06701371210350146,0.05938984348930778,0.07942152039232117
1021,102,0.08451032216165391,0.05889634016484225,0.07444364905883433
1032,102,0.09934014968383896,0.058858001934839595,0.09405658784991953
2149,69,0.08713521842023432,0.057877964250758654,0.06710128687171263
1918,95,0.08345076298777954,0.05775235854285893,0.0766570810807215
1613,85,0.0772373797115428,0.057676104520483495,0.06475876507679257
1080,94,0.10288268179752971,0.05697863361423776,0.10030206854715601
1840,74,0.07646076002753407,0.0568291627241052,0.0616395079045803
1812,62,0.06273433502690835,0.05577276155198708,0.06568794896091476
1003,93,0.11162922714861404,0.05575561760020756,0.09200488403035051
1814,63,0.06289238535071978,0.055302322323350105,0.06219257472051196
1908,96,0.09149428715799153,0.05405573748544482,0.08953091027080073
1939,77,0.06129667454751298,0.05397309357022751,0.06562262956830558
1029,98,0.06298803204209247,0.05387754767832802,0.06303424393276401
1037,26,0.07566721829008911,0.053827935519272625,0.06458842549892242
1089,87,0.07243254023778478,0.053785543316846214,0.06012125082177328
1714,64,0.09378691209566756,0.05300384781255877,0.09574990085649186
1007,101,0.09169188653550865,0.05281296725426685,0.07409273362123088
1463,73,0.06702636727811498,0.05248340198651032,0.05839265011247312
1825,76,0.10661660043804029,0.05217519873290936,0.08322140868319142
1177,71,0.07299410355538263,0.05217162504706551,0.061706171825938114
1999,63,0.070228367529687,0.0520087058709626,0.059377761270147454
1833,68,0.06100737466884521,0.051834023305699195,0.06838751138735939
1786,90,0.059817798119670404,0.05129257470574175,0.06282501435756639
2010,69,0.052319138843168175,0.05113677485583838,0.053890316874384184
2109,96,0.055420598706807045,0.050255971968134874,0.05382773903946014
1191,83,0.0642731394021209,0.0502295816746861,0.056431608328453474
1624,106,0.09146696886510057,0.05011946399223185,0.0705027111513821
1916,78,0.06902269790023116,0.049901051861024205,0.06327003554103068
1924,90,0.0801146326332497,0.0498582388713322,0.07493725997370285
1836,66,0.05447496178807186,0.04979294127348195,0.06270192812799448
1736,81,0.11537988484881678,0.049208434471420995,0.11202535918572795
1036,93,0.06522923390259822,0.049058404948242366,0.0670888141010225
1873,104,0.07376837061030968,0.04888064763050552,0.06013918644377819
1005,79,0.07934930327112384,0.04875039758085644,0.07015455458637569
1866,80,0.04874604778914767,0.04836366095118566,0.05019436913276743
1835,87,0.07116791214930168,0.048238876288526356,0.05360475987646916
1806,64,0.06570035360344764,0.04821039252109364,0.0556364538160846
1510,91,0.05802228619658266,0.04771288126433759,0.06048208420325208
2047,71,0.05760467051983018,0.04762715675687643,0.05669371849892768
1061,93,0.05280838719039148,0.04704604283136205,0.06086801756428061
1168,88,0.06928018641550301,0.0468990104727926,0.07013773253571975
1052,85,0.06973762207860572,0.046843829382981886,0.04972988021243314
1038,95,0.0650390938707783,0.046759292673927116,0.0502017228564098
1549,108,0.09011739993505857,0.04659994088792937,0.09535255417349967
2044,84,0.052319156378222924,0.046182143348477527,0.04956027629065505
1777,65,0.05987478540136186,0.045932347850077916,0.049080152983173475
2159,83,0.06001779781801794,0.045647127710990755,0.046894987875777436
1133,97,0.0547049931342889,0.045441957748401485,0.04626161069064298
1560,92,0.06220042036968618,0.04533374747786592,0.0627413957367502
1249,78,0.04995893260666842,0.04507591004854881,0.046685698401224635
1844,75,0.05676381534310664,0.04405660908796332,0.04850992886828876
1799,80,0.0631228537691542,0.04348916355886633,0.060356686899028344
1049,87,0.04445645014879916,0.04345569026186377,0.049163692628548784
1778,77,0.0650393987361534,0.0432850308565383,0.06763720477796874
1243,21,0.0663423785924201,0.04230701199121049,0.042227117540193364
2111,95,0.0608031985180161,0.042001613414934115,0.04543361287605211
2158,80,0.045766913384693395,0.04177829498864854,0.04403034902874762
1129,27,0.04142659036951839,0.0416429689138124,0.05487034014904326
1578,96,0.04864122492693808,0.041244453935094634,0.0469039411100393
1716,65,0.05369575032104406,0.04074056893455785,0.04718903815437775
1048,106,0.06064123633529307,0.04055166403297948,0.042673439315193004
2175,22,0.0171626826246499,0.038771752315450526,0.05198421855370066
1933,102,0.045715793781183324,0.03866257905644472,0.04635899183033744
1085,84,0.05368075921400139,0.0383884022087472,0.0453255323347739
1629,85,0.03847755236591834,0.0383635689783658,0.045980977445721494
1631,80,0.059949424838912815,0.037372792798938334,0.04322078297139073
1853,94,0.04243133922754892,0.03690447007457511,0.0606023249400866
1998,74,0.03695292007500608,0.036008574156496484,0.04460845545573256
1013,98,0.052307993217953604,0.036004260811013766,0.052320181985612495
1919,101,0.06452341935764085,0.03548077219931938,0.07430460880973774
1996,81,0.03326326872410986,0.03457893900221313,0.04375285323399172
1083,73,0.05697690746109593,0.034564053944275,0.041716055886215596
2037,89,0.03562616082096009,0.03447454116190371,0.040805060360807596
1718,63,0.03767073479056434,0.03392390809817825,0.03466076365653572
2362,77,0.03593866288172932,0.0337718643791218,0.04163000919876676
1622,77,0.0316929228140813,0.03303726606595023,0.0434210799106485
1630,71,0.04853745083450797,0.03303552934696744,0.04169013618951059
1069,100,0.032989111140600214,0.03253695647262107,0.0487970530796205
1826,77,0.042858204849540255,0.0325156536596643,0.03645859771082491
1821,73,0.02965530007224999,0.032437771072723706,0.04166078394100862
2173,84,0.03484236228375977,0.03223719767955499,0.04152971175591109
1581,80,0.03891205626215619,0.032178953465414425,0.036833075297261215
2438,75,0.034919972764367195,0.03200042178822448,0.035083040647377335
1614,83,0.0383311729108109,0.03183406930568662,0.039940461625609776
1042,103,0.03584521903652576,0.03146535167042822,0.05271438698952439
1940,108,0.03280145983710383,0.031149657834725,0.04534436433274463
1009,21,0.02812633764463479,0.03076618946297093,0.04416309848687925
2011,82,0.03284071229466908,0.030665354207897594,0.03912978682180572
1598,96,0.03663101087558785,0.03021629494029548,0.04425950120020594
2057,36,0.03314415356633159,0.03016076151396846,0.044068228758471294
1010,102,0.057858756460903125,0.02898078479859194,0.06529778435522411
1811,63,0.03537535755381733,0.028862814095251085,0.03633078475483019
1199,104,0.03494679575546675,0.028419349561422235,0.04678609212908945
2038,78,0.029809712589501196,0.028164519419066406,0.033906724231474734
1618,71,0.033665314214361794,0.027826322088743676,0.0358571972632858
2110,92,0.02989257702140133,0.027647873483413944,0.03257581355919286
1268,87,0.025915486284682328,0.027249792882095593,0.042984218841908
1621,78,0.029497902879502214,0.026664506684154522,0.03565598505867876
1634,86,0.026072925087018865,0.026613285310983267,0.035818084565658284
1017,102,0.037132067013515076,0.026515949740758115,0.04056872670454409
2043,103,0.01621048725232338,0.026143744294842893,0.03923813901846563
1584,59,0.022903296761703225,0.026077435801075452,0.04168462888813057
2045,94,0.026248756143071886,0.02587403713133309,0.03792724883087832
1502,25,0.01945973391544704,0.02562168359542142,0.04534672807676884
1375,113,0.023542336599379227,0.0252542072302712,0.034918798591474315
1838,72,0.02313717449120829,0.02514370974472551,0.040121581414316425
1927,81,0.018559492925753953,0.024439586838950485,0.04038831189484984
1915,101,0.036726845841678464,0.023526487138145973,0.04797048917403463
2039,93,0.020116998084022782,0.02326285827067257,0.03670738151609042
1816,88,0.02228901607116351,0.023139235508817583,0.042337781861104956
1632,101,0.021482821440328308,0.022801038673984926,0.03089075959623442
2499,86,0.022765605139976594,0.022575387654655263,0.043031410083337135
2157,75,0.020182025920386964,0.022469056850894852,0.040448671352958064
1582,74,0.019178300055314155,0.022199005963749845,0.028084319159672806
1913,95,0.017884168035608137,0.022122393828222047,0.042007976271467476
1030,108,0.020662706094241007,0.02203723928396316,0.037767469661332195
1852,105,0.015934339841563762,0.021894303194761006,0.038237288000566354
2107,85,0.023661868062473047,0.021863669471970923,0.0348098191087392
2360,80,0.014074872227307475,0.02125776047682016,0.03912952913869065
1507,92,0.017857973115447477,0.021201466442192524,0.03730654706024953
1093,96,0.023674024775925163,0.02112346984471873,0.03584636990660527
2112,94,0.01695942620863137,0.021017828361121274,0.03921697380907255
1200,102,0.019189533698329115,0.02067993293873162,0.038951759358171426
1175,82,0.021137879782106257,0.02051011855748267,0.03343733204924583
1928,75,0.021655670858937406,0.020494129165968687,0.03233984247317594
1625,88,0.02173434418486466,0.020376436329918486,0.03529877124399396
1067,93,0.011581583250998673,0.020044832280394994,0.03957168139090031
2361,73,0.01880229516211769,0.019805527627156976,0.04096955666671182
1854,76,0.018650603140183745,0.019682105081005773,0.03864306287981539
1039,24,0.013430975514051747,0.01965870307515207,0.042168458789859115
2439,72,0.014130824046971873,0.01962014972030451,0.03924465133440767
2177,84,0.015785775280121404,0.019564338414883087,0.041252458883654794
2359,84,0.01625508818340014,0.019558824186297265,0.032854134525604844
2498,87,0.01566939464589591,0.019471599905705708,0.03811144811150596
1831,65,0.016719812824880494,0.019428733080236314,0.04345275782422565
1931,90,0.019181554322583262,0.019346974060055575,0.028265195017694977
1785,73,0.017775597774234056,0.019333569997145472,0.0332067300458392
2003,91,0.015602903157477975,0.01914641235165973,0.03547354540797951
1033,89,0.014601303727734069,0.019118643309869992,0.04121392078697179
1615,86,0.017479597828633012,0.018924573400825793,0.03356667720809912
1586,56,0.011485232637153907,0.01854961889401544,0.037184875501058735
1020,88,0.012938761088497794,0.018390509380374974,0.033140030393497506
2000,75,0.010970252759856317,0.018388961330526664,0.030082144535033526
1583,76,0.015588627797436758,0.018356508476868226,0.03763862534741015
1025,102,0.014762171929542173,0.01835248754826721,0.03827521729453041
1580,66,0.015618743941846903,0.018346184267450296,0.0380468666653228
1832,72,0.016544004615087305,0.018193833272609924,0.042894799868323084
1828,67,0.012168362571729562,0.018098582083732058,0.035188412204527
1783,93,0.010577051273184665,0.0180887908520529,0.038020259737985916
1237,93,0.013586169708134902,0.01806158011978346,0.03378926391080839
2113,84,0.012646602474380575,0.017906870706646625,0.03508876009131184
1576,75,0.017337058693430663,0.017903340939983317,0.037514637044853937
1815,72,0.013861708880186084,0.01776191879580937,0.036598950909199277
1830,61,0.015491129938520639,0.017581015973041708,0.03588039011899345
1449,71,0.011997428378573234,0.017565429369664605,0.03288560370268146
1043,104,0.01278624219804434,0.01752774687105561,0.036221382298841275
1023,103,0.01595331438794441,0.017501470803014705,0.03434581501312063
1512,113,0.011022571562424397,0.01732123193737628,0.03823919858860582
1072,113,0.021933679250575593,0.017134481475316772,0.03594249628754643
2154,66,0.015253634322636619,0.017077074175055603,0.03990049959401183
1839,85,0.011884085663889621,0.01686451567800069,0.037017354741751725
1585,61,0.014005288499807545,0.01650410777675891,0.03331852984583956
1627,94,0.012180096279197061,0.01644526519749552,0.03290644892536639
1780,77,0.011887348895664606,0.016170715543131063,0.03568360579569304
1925,100,0.013859153353078303,0.01584439932487956,0.037751003888067895
2002,56,0.013742742224699749,0.015609564825573357,0.02699116943831345
1776,72,0.010732504322946146,0.01553026437817152,0.03780336878952126
1635,86,0.011965255353000914,0.015495597956135417,0.04044781577537023
1782,76,0.01319368928388966,0.015259315481968579,0.03810835395603069
1018,93,0.010225306292919118,0.014986802922389224,0.03687013996825573
1824,73,0.015318176932686719,0.014858624861897726,0.03847689913615684
1620,87,0.010192587510046685,0.014656913308641613,0.035401884181460654
1784,68,0.008780454037940158,0.014516738172520645,0.03193675595958806
2174,20,0.005678235810855722,0.014076259172338887,0.020427841165934255
1563,94,0.013361950990904935,0.013922969293845403,0.03771939848202879
1802,83,0.006725772999083754,0.0136176286363453,0.0293136397636695
1779,71,0.006406836343719978,0.012893696396115303,0.030628284207802184
