mask_frac,seed,method,rmse
0.05,0,Drug mean,0.09655287305395534
0.05,0,Cell-line + drug bias,0.09037073271029768
0.05,0,Best KNN,0.0658986225145428
0.05,1,Drug mean,0.0947910773445987
0.05,1,Cell-line + drug bias,0.0884863545077126
0.05,1,Best KNN,0.06314731061088542
0.05,2,Drug mean,0.09479472537747054
0.05,2,Cell-line + drug bias,0.08873296693251188
0.05,2,Best KNN,0.06498123958441243
0.1,0,Drug mean,0.09675574297622196
0.1,0,Cell-line + drug bias,0.09058434367337516
0.1,0,Best KNN,0.06569231320535264
0.1,1,Drug mean,0.09452821741260459
0.1,1,Cell-line + drug bias,0.08850996182086387
0.1,1,Best KNN,0.06491789233231557
0.1,2,Drug mean,0.09421837750627471
0.1,2,Cell-line + drug bias,0.08780595239757431
0.1,2,Best KNN,0.0638595545613376
0.2,0,Drug mean,0.09584512208708071
0.2,0,Cell-line + drug bias,0.08999765164148711
0.2,0,Best KNN,0.06637320035909795
0.2,1,Drug mean,0.09545060277661643
0.2,1,Cell-line + drug bias,0.08944810861199652
0.2,1,Best KNN,0.06614523536203495
0.2,2,Drug mean,0.09441605043093813
0.2,2,Cell-line + drug bias,0.08835661524844612
0.2,2,Best KNN,0.06518979260468115
0.3,0,Drug mean,0.0948196257410279
0.3,0,Cell-line + drug bias,0.08891786555452999
0.3,0,Best KNN,0.06646566847965021
0.3,1,Drug mean,0.09502432190855066
0.3,1,Cell-line + drug bias,0.08923005465317059
0.3,1,Best KNN,0.06736858940909461
0.3,2,Drug mean,0.09444701012061153
0.3,2,Cell-line + drug bias,0.08861360168899193
0.3,2,Best KNN,0.06645724420988725
0.4,0,Drug mean,0.0947118962623884
0.4,0,Cell-line + drug bias,0.0888736736231442
0.4,0,Best KNN,0.06798876160132851
0.4,1,Drug mean,0.09495240455132747
0.4,1,Cell-line + drug bias,0.0892232418428306
0.4,1,Best KNN,0.06856173249778313
0.4,2,Drug mean,0.09451746828477163
0.4,2,Cell-line + drug bias,0.08870310790607022
0.4,2,Best KNN,0.06797696494344524
0.5,0,Drug mean,0.09450381310131635
0.5,0,Cell-line + drug bias,0.08875294141837946
0.5,0,Best KNN,0.06962522837888943
0.5,1,Drug mean,0.09501937569363715
0.5,1,Cell-line + drug bias,0.08929722297678348
0.5,1,Best KNN,0.07037372407362448
0.5,2,Drug mean,0.09438965970512023
0.5,2,Cell-line + drug bias,0.08863980507223855
0.5,2,Best KNN,0.0694765648952765
0.6,0,Drug mean,0.09493630167312479
0.6,0,Cell-line + drug bias,0.08919483674534556
0.6,0,Best KNN,0.0721240391927193
0.6,1,Drug mean,0.0947227311919876
0.6,1,Cell-line + drug bias,0.08905428605522545
0.6,1,Best KNN,0.07207161275636155
0.6,2,Drug mean,0.09447409743934665
0.6,2,Cell-line + drug bias,0.08876271285810802
0.6,2,Best KNN,0.0717800282557421
